,Dataset,n_df,avg_acc,final_acc,precision,recall
0,diabetes,27,0.33525733525733536,0.36363636363636365,0.35570469798657717,0.9636363636363636
