,Dataset,n_df,avg_acc,final_acc,precision,recall
0,diabetes,26,0.3186813186813187,0.38311688311688313,0.36666666666666664,1.0
