,Dataset,n_df,avg_acc,final_acc,precision,recall
0,diabetes,28,0.30890538033395176,0.38311688311688313,0.36666666666666664,1.0
